cell_ID,cell_type,n_counts,cellType,n_genes
1,iNeuron,21748.0,iNeuron,4685
2,iNeuron,31641.0,iNeuron,6027
3,iNeuron,32913.0,iNeuron,5823
4,iNeuron,21530.0,iNeuron,4701
5,iNeuron,24795.0,iNeuron,5406
6,iNeuron,31404.0,iNeuron,6243
7,iNeuron,23021.0,iNeuron,5259
8,iNeuron,24182.0,iNeuron,5502
9,iNeuron,19422.0,iNeuron,5124
10,iNeuron,30636.0,iNeuron,6103
11,iNeuron,33673.0,iNeuron,6617
12,iNeuron,36048.0,iNeuron,6353
13,iNeuron,41436.0,iNeuron,6882
14,iNeuron,22035.0,iNeuron,5229
15,iNeuron,42452.0,iNeuron,7645
16,iNeuron,37862.0,iNeuron,6999
17,iNeuron,33712.0,iNeuron,6456
18,iNeuron,18417.0,iNeuron,4187
19,iNeuron,24449.0,iNeuron,5978
20,iNeuron,36266.0,iNeuron,6550
21,iNeuron,19034.0,iNeuron,5369
22,iNeuron,25722.0,iNeuron,5820
23,iNeuron,14858.0,iNeuron,4172
24,iNeuron,28136.0,iNeuron,5838
25,iNeuron,22184.0,iNeuron,5624
26,iNeuron,17201.0,iNeuron,4287
27,iNeuron,21335.0,iNeuron,5218
28,iNeuron,26044.0,iNeuron,6593
29,iNeuron,20723.0,iNeuron,5595
30,iNeuron,33656.0,iNeuron,6467
31,iNeuron,18018.0,iNeuron,5001
32,iNeuron,21627.0,iNeuron,5596
33,iNeuron,16591.0,iNeuron,4561
34,iNeuron,22101.0,iNeuron,5037
35,iNeuron,13467.0,iNeuron,3824
36,iNeuron,25401.0,iNeuron,5651
37,iNeuron,25328.0,iNeuron,5847
38,iNeuron,26479.0,iNeuron,5790
39,iNeuron,30119.0,iNeuron,5883
40,iNeuron,27471.0,iNeuron,5335
41,iNeuron,14280.0,iNeuron,4101
42,iNeuron,15709.0,iNeuron,4345
43,iNeuron,45259.0,iNeuron,7213
44,iNeuron,28791.0,iNeuron,5492
45,iNeuron,17659.0,iNeuron,4250
46,iNeuron,21909.0,iNeuron,5194
47,iNeuron,39220.0,iNeuron,7152
48,iNeuron,34679.0,iNeuron,6472
49,iNeuron,19394.0,iNeuron,4919
50,iNeuron,25004.0,iNeuron,6013
51,iNeuron,14099.0,iNeuron,4421
52,iNeuron,25873.0,iNeuron,5871
53,iNeuron,47064.0,iNeuron,7835
54,iNeuron,38195.0,iNeuron,7104
55,iNeuron,20143.0,iNeuron,5493
56,iNeuron,19319.0,iNeuron,5404
57,iNeuron,33527.0,iNeuron,6962
58,iNeuron,21256.0,iNeuron,5671
59,iNeuron,19253.0,iNeuron,4527
60,iNeuron,24067.0,iNeuron,5923
61,iNeuron,22518.0,iNeuron,5397
62,iNeuron,13239.0,iNeuron,4508
63,iNeuron,11101.0,iNeuron,3179
64,iNeuron,15674.0,iNeuron,4269
65,iNeuron,20560.0,iNeuron,4896
66,iNeuron,18567.0,iNeuron,4295
67,iNeuron,20284.0,iNeuron,5537
68,iNeuron,29519.0,iNeuron,6157
69,iNeuron,19078.0,iNeuron,5349
70,iNeuron,19674.0,iNeuron,4977
71,iNeuron,31189.0,iNeuron,6300
72,iNeuron,22349.0,iNeuron,5169
73,iNeuron,23662.0,iNeuron,5314
74,iNeuron,35452.0,iNeuron,6350
75,iNeuron,14631.0,iNeuron,4226
76,iNeuron,20026.0,iNeuron,4621
77,iNeuron,13113.0,iNeuron,2966
78,iNeuron,17272.0,iNeuron,4082
79,iNeuron,33674.0,iNeuron,5455
80,iNeuron,35085.0,iNeuron,5794
81,iNeuron,9927.0,iNeuron,3355
82,iNeuron,17937.0,iNeuron,4498
83,iNeuron,15198.0,iNeuron,3583
84,iNeuron,23380.0,iNeuron,5609
85,iNeuron,18889.0,iNeuron,4979
86,iNeuron,22808.0,iNeuron,5791
87,iNeuron,21846.0,iNeuron,5352
88,iNeuron,11787.0,iNeuron,4018
89,iNeuron,9101.0,iNeuron,3260
90,iNeuron,12824.0,iNeuron,4347
91,iNeuron,15132.0,iNeuron,3540
92,iNeuron,20705.0,iNeuron,5523
93,iNeuron,9008.0,iNeuron,3035
94,iNeuron,10930.0,iNeuron,3148
95,iNeuron,18070.0,iNeuron,4606
96,iNeuron,12728.0,iNeuron,3607
97,iNeuron,14225.0,iNeuron,4401
98,iNeuron,19945.0,iNeuron,5297
99,iNeuron,16943.0,iNeuron,4224
100,iNeuron,15676.0,iNeuron,4146
101,iNeuron,24848.0,iNeuron,4916
102,iNeuron,20881.0,iNeuron,4235
103,iNeuron,51013.0,iNeuron,7326
104,iNeuron,33058.0,iNeuron,6353
105,iNeuron,7102.0,iNeuron,2679
106,iNeuron,13598.0,iNeuron,4387
107,iNeuron,12300.0,iNeuron,3420
108,iNeuron,6968.0,iNeuron,2299
109,iNeuron,8390.0,iNeuron,2995
110,iNeuron,8041.0,iNeuron,3173
111,iNeuron,8007.0,iNeuron,3133
112,iNeuron,9559.0,iNeuron,3076
113,iNeuron,9258.0,iNeuron,3336
114,iNeuron,9287.0,iNeuron,2864
115,iNeuron,14325.0,iNeuron,3457
116,iNeuron,16491.0,iNeuron,4184
117,iNeuron,14186.0,iNeuron,3950
118,iNeuron,8010.0,iNeuron,3167
119,iNeuron,9335.0,iNeuron,3386
120,iNeuron,10707.0,iNeuron,3803
121,iNeuron,6247.0,iNeuron,2162
122,iNeuron,13544.0,iNeuron,3986
123,iNeuron,10498.0,iNeuron,3050
124,iNeuron,10203.0,iNeuron,3173
125,iNeuron,12267.0,iNeuron,3693
126,iNeuron,9795.0,iNeuron,3582
127,iNeuron,9859.0,iNeuron,3653
128,iNeuron,10839.0,iNeuron,3712
129,iNeuron,15973.0,iNeuron,5187
130,iNeuron,11743.0,iNeuron,3468
131,iNeuron,8158.0,iNeuron,2647
132,iNeuron,12883.0,iNeuron,3828
133,iNeuron,17105.0,iNeuron,4315
134,iNeuron,15587.0,iNeuron,4367
135,iNeuron,15121.0,iNeuron,4444
136,iNeuron,13215.0,iNeuron,4190
137,iNeuron,6663.0,iNeuron,2694
138,iNeuron,10406.0,iNeuron,3622
139,iNeuron,10302.0,iNeuron,3888
140,iNeuron,6184.0,iNeuron,2968
141,iNeuron,13443.0,iNeuron,3710
142,iNeuron,7076.0,iNeuron,3052
143,iNeuron,11973.0,iNeuron,3884
144,iNeuron,12861.0,iNeuron,4187
145,iNeuron,13332.0,iNeuron,3900
146,iNeuron,11279.0,iNeuron,3871
147,iNeuron,9035.0,iNeuron,3366
148,iNeuron,13662.0,iNeuron,4269
149,iNeuron,9571.0,iNeuron,2626
150,iNeuron,8459.0,iNeuron,3331
151,iNeuron,8242.0,iNeuron,3284
152,iNeuron,8495.0,iNeuron,3066
153,iNeuron,9902.0,iNeuron,3011
154,iNeuron,9441.0,iNeuron,3053
155,iNeuron,10420.0,iNeuron,3771
156,iNeuron,13664.0,iNeuron,4103
157,iNeuron,12131.0,iNeuron,3846
158,iNeuron,10735.0,iNeuron,3689
159,iNeuron,8002.0,iNeuron,3139
160,iNeuron,9972.0,iNeuron,3898
161,iNeuron,16340.0,iNeuron,4667
162,iNeuron,12501.0,iNeuron,3854
163,iNeuron,12400.0,iNeuron,4435
164,iNeuron,18875.0,iNeuron,4630
165,eNeuron,29661.0,eNeuron,5573
166,eNeuron,33667.0,eNeuron,6495
167,eNeuron,24917.0,eNeuron,5444
168,eNeuron,31438.0,eNeuron,5929
169,eNeuron,55428.0,eNeuron,7936
170,eNeuron,16899.0,eNeuron,4275
171,eNeuron,37569.0,eNeuron,6939
172,eNeuron,23984.0,eNeuron,5376
173,eNeuron,22186.0,eNeuron,5824
174,eNeuron,34474.0,eNeuron,6539
175,eNeuron,21183.0,eNeuron,4690
176,eNeuron,37386.0,eNeuron,6686
177,eNeuron,22942.0,eNeuron,5277
178,eNeuron,39703.0,eNeuron,7403
179,eNeuron,21214.0,eNeuron,5302
180,eNeuron,33056.0,eNeuron,6231
181,eNeuron,32795.0,eNeuron,6253
182,eNeuron,18665.0,eNeuron,4562
183,eNeuron,25877.0,eNeuron,6155
184,eNeuron,43287.0,eNeuron,7466
185,eNeuron,27367.0,eNeuron,5590
186,eNeuron,19581.0,eNeuron,5258
187,eNeuron,12545.0,eNeuron,3908
188,eNeuron,26926.0,eNeuron,6183
189,eNeuron,34918.0,eNeuron,7152
190,eNeuron,19834.0,eNeuron,5396
191,eNeuron,29020.0,eNeuron,6389
192,eNeuron,24435.0,eNeuron,5804
193,eNeuron,25682.0,eNeuron,6431
194,eNeuron,28666.0,eNeuron,6453
195,eNeuron,42082.0,eNeuron,7070
196,eNeuron,12923.0,eNeuron,3336
197,eNeuron,14484.0,eNeuron,3610
198,eNeuron,21848.0,eNeuron,5315
199,eNeuron,38689.0,eNeuron,7039
200,eNeuron,41188.0,eNeuron,7180
201,eNeuron,42653.0,eNeuron,7401
202,eNeuron,23601.0,eNeuron,5433
203,eNeuron,30182.0,eNeuron,6202
204,eNeuron,37822.0,eNeuron,6413
205,eNeuron,24465.0,eNeuron,5330
206,eNeuron,25555.0,eNeuron,5907
207,eNeuron,17038.0,eNeuron,4755
208,eNeuron,17731.0,eNeuron,5323
209,eNeuron,29292.0,eNeuron,6389
210,eNeuron,21029.0,eNeuron,5700
211,eNeuron,16691.0,eNeuron,4479
212,eNeuron,25550.0,eNeuron,5975
213,eNeuron,19106.0,eNeuron,4930
214,eNeuron,18628.0,eNeuron,4853
215,eNeuron,31160.0,eNeuron,5900
216,eNeuron,15114.0,eNeuron,4841
217,eNeuron,17344.0,eNeuron,4849
218,eNeuron,16164.0,eNeuron,4941
219,eNeuron,14171.0,eNeuron,4419
220,eNeuron,21375.0,eNeuron,5826
221,eNeuron,29957.0,eNeuron,6442
222,eNeuron,22565.0,eNeuron,6078
223,eNeuron,14002.0,eNeuron,4189
224,eNeuron,17002.0,eNeuron,4542
225,eNeuron,19960.0,eNeuron,5568
226,eNeuron,13506.0,eNeuron,4144
227,eNeuron,15010.0,eNeuron,4475
228,eNeuron,14042.0,eNeuron,3883
229,eNeuron,20962.0,eNeuron,5654
230,eNeuron,36480.0,eNeuron,6685
231,eNeuron,9332.0,eNeuron,3546
232,eNeuron,6553.0,eNeuron,2743
233,eNeuron,7692.0,eNeuron,2430
234,eNeuron,9554.0,eNeuron,3502
235,eNeuron,9785.0,eNeuron,2310
236,eNeuron,19671.0,eNeuron,5154
237,eNeuron,8950.0,eNeuron,3363
238,eNeuron,19568.0,eNeuron,4680
239,eNeuron,19228.0,eNeuron,4850
240,eNeuron,12636.0,eNeuron,3718
241,eNeuron,8433.0,eNeuron,3115
242,eNeuron,8367.0,eNeuron,3060
243,eNeuron,14867.0,eNeuron,4540
244,eNeuron,14959.0,eNeuron,4232
245,eNeuron,17633.0,eNeuron,4965
246,eNeuron,6803.0,eNeuron,2725
247,eNeuron,13583.0,eNeuron,3888
248,eNeuron,14339.0,eNeuron,4717
249,eNeuron,13072.0,eNeuron,4177
250,eNeuron,13872.0,eNeuron,4492
251,eNeuron,12353.0,eNeuron,3893
252,eNeuron,10529.0,eNeuron,3288
253,eNeuron,19186.0,eNeuron,5114
254,eNeuron,21613.0,eNeuron,5522
255,eNeuron,9459.0,eNeuron,3688
256,eNeuron,14822.0,eNeuron,4071
257,eNeuron,30941.0,eNeuron,6833
258,eNeuron,15124.0,eNeuron,4999
259,eNeuron,21038.0,eNeuron,4768
260,eNeuron,24013.0,eNeuron,5614
261,eNeuron,9610.0,eNeuron,2881
262,eNeuron,7641.0,eNeuron,3157
263,eNeuron,11266.0,eNeuron,3525
264,eNeuron,17130.0,eNeuron,4005
265,eNeuron,15039.0,eNeuron,4483
266,eNeuron,8798.0,eNeuron,3326
267,eNeuron,23215.0,eNeuron,5827
268,eNeuron,11034.0,eNeuron,3810
269,eNeuron,14639.0,eNeuron,4640
270,eNeuron,10277.0,eNeuron,3208
271,eNeuron,15300.0,eNeuron,4605
272,eNeuron,8672.0,eNeuron,2389
273,eNeuron,7906.0,eNeuron,3216
274,eNeuron,10685.0,eNeuron,3902
275,eNeuron,9552.0,eNeuron,3705
276,eNeuron,14352.0,eNeuron,4711
277,eNeuron,13510.0,eNeuron,4594
278,eNeuron,7863.0,eNeuron,2861
279,eNeuron,14731.0,eNeuron,3533
280,eNeuron,15555.0,eNeuron,3651
281,eNeuron,9141.0,eNeuron,3207
282,eNeuron,9098.0,eNeuron,3266
283,eNeuron,9419.0,eNeuron,3590
284,eNeuron,7252.0,eNeuron,3043
285,eNeuron,5942.0,eNeuron,2764
286,eNeuron,7189.0,eNeuron,2727
287,eNeuron,12771.0,eNeuron,4196
288,eNeuron,6802.0,eNeuron,2056
289,eNeuron,14846.0,eNeuron,4495
290,eNeuron,22848.0,eNeuron,5827
291,eNeuron,7022.0,eNeuron,3112
292,eNeuron,9336.0,eNeuron,3693
293,eNeuron,17818.0,eNeuron,5034
294,eNeuron,15626.0,eNeuron,4843
295,eNeuron,14292.0,eNeuron,4617
296,eNeuron,10414.0,eNeuron,3922
297,eNeuron,10450.0,eNeuron,3722
298,eNeuron,17839.0,eNeuron,4604
299,eNeuron,10534.0,eNeuron,3446
300,eNeuron,11689.0,eNeuron,3820
301,eNeuron,17397.0,eNeuron,5184
302,eNeuron,17382.0,eNeuron,5085
303,eNeuron,9245.0,eNeuron,3350
304,eNeuron,8964.0,eNeuron,3483
305,eNeuron,12856.0,eNeuron,3929
306,eNeuron,28518.0,eNeuron,7365
307,eNeuron,11425.0,eNeuron,3952
308,eNeuron,20016.0,eNeuron,5432
309,eNeuron,16241.0,eNeuron,4144
310,eNeuron,10034.0,eNeuron,3560
311,eNeuron,15576.0,eNeuron,4723
312,eNeuron,20385.0,eNeuron,5197
313,eNeuron,20939.0,eNeuron,5659
314,eNeuron,13852.0,eNeuron,4188
315,eNeuron,10193.0,eNeuron,3572
316,eNeuron,10593.0,eNeuron,3472
317,eNeuron,13992.0,eNeuron,3417
318,eNeuron,8866.0,eNeuron,3436
319,eNeuron,8689.0,eNeuron,3475
320,eNeuron,6228.0,eNeuron,2818
321,eNeuron,15475.0,eNeuron,4760
322,eNeuron,11571.0,eNeuron,3983
323,eNeuron,11806.0,eNeuron,3814
324,eNeuron,24289.0,eNeuron,5601
325,eNeuron,11702.0,eNeuron,4259
326,eNeuron,10648.0,eNeuron,2780
327,eNeuron,9233.0,eNeuron,3662
328,eNeuron,8724.0,eNeuron,2767
329,eNeuron,8094.0,eNeuron,2972
330,eNeuron,7782.0,eNeuron,3159
331,eNeuron,7945.0,eNeuron,3500
332,eNeuron,18417.0,eNeuron,3843
333,eNeuron,7884.0,eNeuron,3175
334,eNeuron,15355.0,eNeuron,4764
335,eNeuron,13277.0,eNeuron,4385
336,eNeuron,9924.0,eNeuron,3806
337,eNeuron,8994.0,eNeuron,3435
338,eNeuron,6980.0,eNeuron,2907
339,eNeuron,7444.0,eNeuron,3052
340,eNeuron,12857.0,eNeuron,3302
341,eNeuron,8689.0,eNeuron,2773
342,eNeuron,30883.0,eNeuron,6396
343,eNeuron,40726.0,eNeuron,6920
344,eNeuron,18863.0,eNeuron,5355
345,eNeuron,18666.0,eNeuron,4512
346,eNeuron,18471.0,eNeuron,5563
347,eNeuron,8343.0,eNeuron,3220
348,eNeuron,8140.0,eNeuron,3110
349,eNeuron,11321.0,eNeuron,3746
350,eNeuron,40673.0,eNeuron,7411
351,eNeuron,33126.0,eNeuron,6162
352,eNeuron,17467.0,eNeuron,5496
353,eNeuron,16460.0,eNeuron,4305
354,eNeuron,18402.0,eNeuron,5360
355,eNeuron,17709.0,eNeuron,4651
356,eNeuron,19038.0,eNeuron,5030
357,eNeuron,25772.0,eNeuron,6380
358,eNeuron,17686.0,eNeuron,4950
359,eNeuron,19820.0,eNeuron,5307
360,eNeuron,32747.0,eNeuron,6230
361,eNeuron,31134.0,eNeuron,6067
362,eNeuron,17179.0,eNeuron,5230
363,eNeuron,17324.0,eNeuron,4883
364,eNeuron,25394.0,eNeuron,5880
365,eNeuron,27897.0,eNeuron,6089
366,eNeuron,16245.0,eNeuron,4086
367,eNeuron,13657.0,eNeuron,3852
368,eNeuron,14017.0,eNeuron,4461
369,eNeuron,22433.0,eNeuron,5736
370,eNeuron,25867.0,eNeuron,5645
371,eNeuron,12741.0,eNeuron,4181
372,eNeuron,12622.0,eNeuron,3619
373,eNeuron,22688.0,eNeuron,5716
374,eNeuron,14216.0,eNeuron,3994
375,eNeuron,19814.0,eNeuron,5281
376,eNeuron,13292.0,eNeuron,3532
377,eNeuron,8846.0,eNeuron,2623
378,eNeuron,12190.0,eNeuron,3731
379,eNeuron,10381.0,eNeuron,3877
380,eNeuron,8612.0,eNeuron,3437
381,eNeuron,6727.0,eNeuron,2850
382,eNeuron,7692.0,eNeuron,3053
383,eNeuron,9249.0,eNeuron,3124
384,eNeuron,7413.0,eNeuron,3132
385,eNeuron,7439.0,eNeuron,2990
386,eNeuron,7586.0,eNeuron,2889
387,eNeuron,10834.0,eNeuron,3705
388,eNeuron,8741.0,eNeuron,2432
389,eNeuron,11933.0,eNeuron,3585
390,eNeuron,6126.0,eNeuron,2634
391,eNeuron,11593.0,eNeuron,3740
392,eNeuron,11202.0,eNeuron,4092
393,eNeuron,11328.0,eNeuron,3133
394,eNeuron,7315.0,eNeuron,2583
395,eNeuron,15137.0,eNeuron,3827
396,eNeuron,19982.0,eNeuron,5224
397,eNeuron,9880.0,eNeuron,3619
398,eNeuron,12857.0,eNeuron,3937
399,eNeuron,11678.0,eNeuron,3391
400,eNeuron,10713.0,eNeuron,3070
401,eNeuron,14086.0,eNeuron,3627
402,eNeuron,16555.0,eNeuron,3857
403,eNeuron,22488.0,eNeuron,5236
404,eNeuron,14647.0,eNeuron,4397
405,eNeuron,35314.0,eNeuron,6531
406,eNeuron,49034.0,eNeuron,7675
407,eNeuron,18293.0,eNeuron,4579
408,eNeuron,31459.0,eNeuron,6453
409,eNeuron,29770.0,eNeuron,5981
410,eNeuron,45800.0,eNeuron,6657
411,eNeuron,19268.0,eNeuron,3807
412,eNeuron,41547.0,eNeuron,7540
413,eNeuron,17296.0,eNeuron,3822
414,eNeuron,22271.0,eNeuron,5564
415,eNeuron,20995.0,eNeuron,5633
416,eNeuron,32285.0,eNeuron,5691
417,eNeuron,33238.0,eNeuron,5719
418,eNeuron,35391.0,eNeuron,5695
419,eNeuron,17235.0,eNeuron,4648
420,eNeuron,15859.0,eNeuron,3979
421,eNeuron,23438.0,eNeuron,4825
422,eNeuron,20030.0,eNeuron,4330
423,eNeuron,20620.0,eNeuron,4200
424,eNeuron,17536.0,eNeuron,3231
425,eNeuron,18389.0,eNeuron,4193
426,eNeuron,14103.0,eNeuron,3684
427,eNeuron,29316.0,eNeuron,6032
428,eNeuron,33680.0,eNeuron,6545
429,eNeuron,22786.0,eNeuron,4787
430,eNeuron,27208.0,eNeuron,5083
431,eNeuron,16549.0,eNeuron,3990
432,eNeuron,20294.0,eNeuron,4745
433,eNeuron,18892.0,eNeuron,4824
434,eNeuron,16737.0,eNeuron,3709
435,eNeuron,24065.0,eNeuron,4641
436,eNeuron,11575.0,eNeuron,3320
437,eNeuron,20513.0,eNeuron,4110
438,eNeuron,18638.0,eNeuron,4433
439,eNeuron,19046.0,eNeuron,4406
440,eNeuron,13400.0,eNeuron,4216
441,eNeuron,17457.0,eNeuron,4615
442,eNeuron,13055.0,eNeuron,3573
443,eNeuron,14997.0,eNeuron,4265
444,eNeuron,16012.0,eNeuron,4836
445,eNeuron,17337.0,eNeuron,4222
446,eNeuron,12975.0,eNeuron,3000
447,eNeuron,15452.0,eNeuron,4813
448,eNeuron,25343.0,eNeuron,4966
449,eNeuron,16087.0,eNeuron,4571
450,eNeuron,18718.0,eNeuron,5181
451,eNeuron,22392.0,eNeuron,4997
452,eNeuron,26002.0,eNeuron,5549
453,eNeuron,21521.0,eNeuron,5315
454,eNeuron,23891.0,eNeuron,5667
455,eNeuron,12146.0,eNeuron,3825
456,eNeuron,14289.0,eNeuron,4318
457,eNeuron,29805.0,eNeuron,6669
458,eNeuron,20035.0,eNeuron,5599
459,eNeuron,12574.0,eNeuron,4074
460,eNeuron,17804.0,eNeuron,4880
461,eNeuron,23487.0,eNeuron,5885
462,eNeuron,25601.0,eNeuron,5710
463,eNeuron,26104.0,eNeuron,5907
464,eNeuron,20155.0,eNeuron,5415
465,eNeuron,26524.0,eNeuron,5934
466,eNeuron,23935.0,eNeuron,5654
467,eNeuron,15906.0,eNeuron,4189
468,eNeuron,20988.0,eNeuron,5005
469,eNeuron,11494.0,eNeuron,3710
470,eNeuron,15322.0,eNeuron,4015
471,eNeuron,16369.0,eNeuron,4652
472,eNeuron,22970.0,eNeuron,4346
473,eNeuron,20983.0,eNeuron,5325
474,eNeuron,19674.0,eNeuron,4643
475,eNeuron,12842.0,eNeuron,3938
476,eNeuron,24556.0,eNeuron,5839
477,eNeuron,15512.0,eNeuron,4783
478,eNeuron,16552.0,eNeuron,3605
479,eNeuron,15542.0,eNeuron,3650
480,eNeuron,20221.0,eNeuron,5496
481,eNeuron,20331.0,eNeuron,4651
482,eNeuron,23288.0,eNeuron,5258
483,eNeuron,13948.0,eNeuron,4594
484,eNeuron,13771.0,eNeuron,3956
485,eNeuron,7678.0,eNeuron,3103
486,eNeuron,12260.0,eNeuron,4059
487,eNeuron,8856.0,eNeuron,3266
488,eNeuron,6479.0,eNeuron,2637
489,eNeuron,15105.0,eNeuron,4768
490,eNeuron,11656.0,eNeuron,3672
491,eNeuron,12796.0,eNeuron,3875
492,eNeuron,8858.0,eNeuron,3142
493,eNeuron,8382.0,eNeuron,3151
494,eNeuron,7958.0,eNeuron,3086
495,eNeuron,11125.0,eNeuron,2870
496,eNeuron,8076.0,eNeuron,2988
497,eNeuron,7497.0,eNeuron,2882
498,eNeuron,8893.0,eNeuron,3584
499,eNeuron,11180.0,eNeuron,4111
500,eNeuron,10231.0,eNeuron,3624
501,eNeuron,20870.0,eNeuron,4330
502,eNeuron,18715.0,eNeuron,5416
503,eNeuron,12284.0,eNeuron,3972
504,eNeuron,10614.0,eNeuron,3743
505,eNeuron,11424.0,eNeuron,3978
506,eNeuron,11768.0,eNeuron,3710
507,eNeuron,12113.0,eNeuron,4178
508,eNeuron,20206.0,eNeuron,5030
509,eNeuron,11901.0,eNeuron,4194
510,eNeuron,8243.0,eNeuron,3184
511,eNeuron,14205.0,eNeuron,4592
512,eNeuron,16150.0,eNeuron,4660
513,eNeuron,10215.0,eNeuron,3568
514,eNeuron,11413.0,eNeuron,2901
515,eNeuron,12209.0,eNeuron,4198
516,eNeuron,14382.0,eNeuron,4022
517,eNeuron,16887.0,eNeuron,4829
518,eNeuron,10589.0,eNeuron,3813
519,eNeuron,11208.0,eNeuron,3855
520,eNeuron,17807.0,eNeuron,4899
521,eNeuron,14023.0,eNeuron,4656
522,eNeuron,12812.0,eNeuron,4071
523,eNeuron,15589.0,eNeuron,4634
524,eNeuron,15880.0,eNeuron,4551
525,eNeuron,13961.0,eNeuron,4484
526,eNeuron,19241.0,eNeuron,5398
527,eNeuron,17794.0,eNeuron,4891
528,eNeuron,15356.0,eNeuron,4319
529,eNeuron,14391.0,eNeuron,4458
530,eNeuron,16355.0,eNeuron,4235
531,eNeuron,15929.0,eNeuron,4472
532,eNeuron,19918.0,eNeuron,5210
533,eNeuron,25385.0,eNeuron,5480
534,eNeuron,9537.0,eNeuron,3851
535,eNeuron,20261.0,eNeuron,5435
536,eNeuron,14698.0,eNeuron,4387
537,eNeuron,18778.0,eNeuron,4512
538,eNeuron,8575.0,eNeuron,2535
539,eNeuron,11272.0,eNeuron,3674
540,eNeuron,16090.0,eNeuron,4787
541,eNeuron,22972.0,eNeuron,5294
542,eNeuron,20555.0,eNeuron,5410
543,eNeuron,20447.0,eNeuron,5809
544,eNeuron,23940.0,eNeuron,5480
545,eNeuron,29872.0,eNeuron,6222
546,eNeuron,22518.0,eNeuron,5533
547,eNeuron,10436.0,eNeuron,3819
548,eNeuron,20500.0,eNeuron,5704
549,eNeuron,17208.0,eNeuron,4788
550,eNeuron,8292.0,eNeuron,3173
551,eNeuron,16396.0,eNeuron,4553
552,eNeuron,11076.0,eNeuron,3791
553,eNeuron,18815.0,eNeuron,5388
554,eNeuron,9948.0,eNeuron,3449
555,eNeuron,9130.0,eNeuron,3274
556,eNeuron,24680.0,eNeuron,5383
557,eNeuron,15617.0,eNeuron,5156
558,eNeuron,20614.0,eNeuron,5334
559,eNeuron,9347.0,eNeuron,3714
560,eNeuron,7856.0,eNeuron,3307
561,eNeuron,9287.0,eNeuron,3592
562,eNeuron,7334.0,eNeuron,2950
563,eNeuron,14320.0,eNeuron,4172
564,Olig,5374.0,Olig,1577
565,Olig,23508.0,Olig,4288
566,Olig,36376.0,Olig,5792
567,Olig,23606.0,Olig,3910
568,Olig,27995.0,Olig,3860
569,Olig,17002.0,Olig,3785
570,Olig,24504.0,Olig,4896
571,Olig,14607.0,Olig,2966
572,Olig,20305.0,Olig,3114
573,Olig,15442.0,Olig,3466
574,Olig,17733.0,Olig,3723
575,Olig,5668.0,Olig,1715
576,Olig,9746.0,Olig,2965
577,Olig,15257.0,Olig,3579
578,Olig,7604.0,Olig,2825
579,Olig,10689.0,Olig,3333
580,Olig,12339.0,Olig,3418
581,Olig,12156.0,Olig,3562
582,Olig,5581.0,Olig,2082
583,Olig,12834.0,Olig,3357
584,Olig,8486.0,Olig,3076
585,Olig,13082.0,Olig,3686
586,Olig,6841.0,Olig,2166
587,Olig,9302.0,Olig,2907
588,Olig,3345.0,Olig,1502
589,Olig,9331.0,Olig,2784
590,Olig,8247.0,Olig,2698
591,Olig,4131.0,Olig,1948
592,Olig,5871.0,Olig,1827
593,Olig,9388.0,Olig,2734
594,Olig,6524.0,Olig,2344
595,Olig,13119.0,Olig,2563
596,Olig,13610.0,Olig,2735
597,Olig,13917.0,Olig,2933
598,Olig,32849.0,Olig,3925
599,Olig,23214.0,Olig,3678
600,Olig,31752.0,Olig,3540
601,Olig,18980.0,Olig,3013
602,Olig,43937.0,Olig,5295
603,Olig,14544.0,Olig,3646
604,Olig,26466.0,Olig,5716
605,Olig,22038.0,Olig,4485
606,Olig,14300.0,Olig,3102
607,Olig,28244.0,Olig,5019
608,Olig,23638.0,Olig,3810
609,Olig,14769.0,Olig,4683
610,Olig,19551.0,Olig,5183
611,Olig,11496.0,Olig,3433
612,Olig,21868.0,Olig,4970
613,Olig,7404.0,Olig,2698
614,Olig,5840.0,Olig,2259
615,Olig,8526.0,Olig,2954
616,Olig,10393.0,Olig,2714
617,Olig,16772.0,Olig,5411
618,Olig,10782.0,Olig,3247
619,Olig,8337.0,Olig,2767
620,Olig,7908.0,Olig,2638
621,Olig,4233.0,Olig,1922
622,Olig,8040.0,Olig,2670
623,Olig,6114.0,Olig,2286
624,Olig,2778.0,Olig,1340
625,Olig,6636.0,Olig,1827
626,Olig,6656.0,Olig,2182
627,Olig,12197.0,Olig,2969
628,Olig,8276.0,Olig,2421
629,Olig,19788.0,Olig,3385
630,Olig,8437.0,Olig,1812
631,Olig,12693.0,Olig,2818
632,Olig,14831.0,Olig,2911
633,Olig,12675.0,Olig,3524
634,Olig,11752.0,Olig,2764
635,Olig,15712.0,Olig,3116
636,Olig,10219.0,Olig,3097
637,Olig,13663.0,Olig,3169
638,Olig,13274.0,Olig,2827
639,Olig,10994.0,Olig,2975
640,Olig,13509.0,Olig,4206
641,Olig,15068.0,Olig,3673
642,Olig,18163.0,Olig,4439
643,Olig,10637.0,Olig,2578
644,Olig,21831.0,Olig,4841
645,Olig,12240.0,Olig,3189
646,Olig,18184.0,Olig,4262
647,Olig,13967.0,Olig,3442
648,Olig,20984.0,Olig,5105
649,Olig,12357.0,Olig,3045
650,Olig,13042.0,Olig,3468
651,Olig,23544.0,Olig,5516
652,Olig,10813.0,Olig,2980
653,Olig,19133.0,Olig,4312
654,Olig,21406.0,Olig,4407
655,Olig,14498.0,Olig,3682
656,Olig,14694.0,Olig,3501
657,Olig,21016.0,Olig,3586
658,Olig,13111.0,Olig,3661
659,Olig,26160.0,Olig,4842
660,Olig,13391.0,Olig,3499
661,Olig,12083.0,Olig,3322
662,Olig,9754.0,Olig,2844
663,Olig,5985.0,Olig,1853
664,Olig,7936.0,Olig,2384
665,Olig,5758.0,Olig,2220
666,Olig,11536.0,Olig,3129
667,Olig,10388.0,Olig,3142
668,Olig,9419.0,Olig,2235
669,Olig,6604.0,Olig,1914
670,Olig,22078.0,Olig,4076
671,Olig,8357.0,Olig,1949
672,Olig,17394.0,Olig,4148
673,Olig,15792.0,Olig,3367
674,Olig,16128.0,Olig,4093
675,Olig,15024.0,Olig,4230
676,Olig,11083.0,Olig,3064
677,Olig,8501.0,Olig,2668
678,Olig,5080.0,Olig,1794
679,Olig,9226.0,Olig,2419
680,Olig,12311.0,Olig,3283
681,Olig,7265.0,Olig,2209
682,Olig,9868.0,Olig,2387
683,Olig,19309.0,Olig,4965
684,Olig,12748.0,Olig,3147
685,Olig,20627.0,Olig,3480
686,Olig,7580.0,Olig,2378
687,Olig,8622.0,Olig,2669
688,Olig,9543.0,Olig,2756
689,Olig,13395.0,Olig,3497
690,Olig,5921.0,Olig,1721
691,Olig,7608.0,Olig,2419
692,Olig,6776.0,Olig,1684
693,Olig,13045.0,Olig,3103
694,Olig,11066.0,Olig,2803
695,Olig,7998.0,Olig,2561
696,Olig,9285.0,Olig,2641
697,Olig,10724.0,Olig,2648
698,Olig,9345.0,Olig,2541
699,Olig,8303.0,Olig,2589
700,Olig,12318.0,Olig,3797
701,Olig,9440.0,Olig,2704
702,Olig,9059.0,Olig,2555
703,Olig,9716.0,Olig,2918
704,Olig,8696.0,Olig,2594
705,Olig,6953.0,Olig,2463
706,Olig,7295.0,Olig,2303
707,Olig,7784.0,Olig,2532
708,Olig,6991.0,Olig,2370
709,Olig,15381.0,Olig,4395
710,Olig,19776.0,Olig,5296
711,Olig,10723.0,Olig,3117
712,Olig,9328.0,Olig,2745
713,Olig,5251.0,Olig,1911
714,Olig,10148.0,Olig,2825
715,Olig,10092.0,Olig,2881
716,Olig,4549.0,Olig,2000
717,Olig,6226.0,Olig,1938
718,Olig,5833.0,Olig,2138
719,Olig,10469.0,Olig,3063
720,Olig,9809.0,Olig,2563
721,Olig,9063.0,Olig,2793
722,Olig,7294.0,Olig,1882
723,Olig,15478.0,Olig,3787
724,Olig,12089.0,Olig,2452
725,Olig,10650.0,Olig,3245
726,Olig,10832.0,Olig,3300
727,Olig,13468.0,Olig,3913
728,Olig,22626.0,Olig,4715
729,Olig,8984.0,Olig,2485
730,Olig,16448.0,Olig,4005
731,Olig,13567.0,Olig,3610
732,Olig,12203.0,Olig,2882
733,Olig,16551.0,Olig,3852
734,Olig,11550.0,Olig,2920
735,Olig,7541.0,Olig,2582
736,Olig,10755.0,Olig,3017
737,Olig,8729.0,Olig,2735
738,Olig,13544.0,Olig,3135
739,Olig,8996.0,Olig,2829
740,Olig,19260.0,Olig,4225
741,Olig,11097.0,Olig,2767
742,Olig,14185.0,Olig,2401
743,Olig,10824.0,Olig,1854
744,Olig,12040.0,Olig,2407
745,Olig,9971.0,Olig,2340
746,Olig,10158.0,Olig,3167
747,Olig,12803.0,Olig,3327
748,Olig,8119.0,Olig,2127
749,Olig,10422.0,Olig,2721
750,Olig,14668.0,Olig,3076
751,Olig,11774.0,Olig,3451
752,Olig,20987.0,Olig,3973
753,Olig,8364.0,Olig,2572
754,Olig,13652.0,Olig,3374
755,Olig,9360.0,Olig,3012
756,Olig,13701.0,Olig,2624
757,Olig,13345.0,Olig,3470
758,Olig,17557.0,Olig,3838
759,Olig,24160.0,Olig,5709
760,Olig,20160.0,Olig,3852
761,Olig,10201.0,Olig,2663
762,Olig,15408.0,Olig,3027
763,Olig,13813.0,Olig,3583
764,Olig,16234.0,Olig,3584
765,Olig,18538.0,Olig,4256
766,Olig,13830.0,Olig,3032
767,Olig,8416.0,Olig,1806
768,Olig,9434.0,Olig,2534
769,Olig,20015.0,Olig,4013
770,Olig,16907.0,Olig,3943
771,Olig,11814.0,Olig,2234
772,Olig,18704.0,Olig,4306
773,Olig,13051.0,Olig,3220
774,Olig,12335.0,Olig,3222
775,Olig,17298.0,Olig,4037
776,Olig,20679.0,Olig,4226
777,Olig,12413.0,Olig,3280
778,Olig,15614.0,Olig,3169
779,Olig,15534.0,Olig,2396
780,Olig,12905.0,Olig,3393
781,Olig,11295.0,Olig,3236
782,Olig,10881.0,Olig,2574
783,Olig,9551.0,Olig,2101
784,Olig,12655.0,Olig,2424
785,Olig,12125.0,Olig,3408
786,Olig,15449.0,Olig,3619
787,Olig,34173.0,Olig,3774
788,Olig,8595.0,Olig,1917
789,Olig,10279.0,Olig,2257
790,Olig,18039.0,Olig,4838
791,Olig,11210.0,Olig,4041
792,Olig,11384.0,Olig,4016
793,Olig,8855.0,Olig,2469
794,Olig,6490.0,Olig,2275
795,Olig,9388.0,Olig,2927
796,Olig,19533.0,Olig,3217
797,Olig,7941.0,Olig,2431
798,Olig,10667.0,Olig,2457
799,Olig,15844.0,Olig,3364
800,Olig,9755.0,Olig,3220
801,Olig,15295.0,Olig,4103
802,Olig,10810.0,Olig,3462
803,Olig,10236.0,Olig,3559
804,Olig,8434.0,Olig,2638
805,Olig,12123.0,Olig,2580
806,Olig,10050.0,Olig,2802
807,Olig,8957.0,Olig,2420
808,Olig,13865.0,Olig,3559
809,Olig,15872.0,Olig,3815
810,Olig,12884.0,Olig,3352
811,Olig,7960.0,Olig,2520
812,Olig,9843.0,Olig,2434
813,Olig,14988.0,Olig,2482
814,Olig,16869.0,Olig,4847
815,Olig,9764.0,Olig,3018
816,Olig,10003.0,Olig,3074
817,Olig,8780.0,Olig,2786
818,Olig,13674.0,Olig,4062
819,Olig,11248.0,Olig,3794
820,Olig,14376.0,Olig,3941
821,Olig,9401.0,Olig,2909
822,Olig,12553.0,Olig,3339
823,Olig,23083.0,Olig,5203
824,Olig,8824.0,Olig,2816
825,Olig,13054.0,Olig,3735
826,Olig,9240.0,Olig,2959
827,Olig,8336.0,Olig,2519
828,Olig,8110.0,Olig,2846
829,Olig,8667.0,Olig,2679
830,Olig,8594.0,Olig,2161
831,Olig,12525.0,Olig,3767
832,Olig,18900.0,Olig,5060
833,Olig,17444.0,Olig,4032
834,Olig,8539.0,Olig,2126
835,Olig,7161.0,Olig,2587
836,Olig,12313.0,Olig,2713
837,Olig,11169.0,Olig,2935
838,Olig,6653.0,Olig,2249
839,Olig,7973.0,Olig,2325
840,Olig,9623.0,Olig,2983
841,Olig,9716.0,Olig,3155
842,Olig,17718.0,Olig,5000
843,Olig,9666.0,Olig,2629
844,Olig,9481.0,Olig,3296
845,Olig,7875.0,Olig,2328
846,Olig,8079.0,Olig,2568
847,Olig,8058.0,Olig,2643
848,Olig,9227.0,Olig,2226
849,Olig,10523.0,Olig,3127
850,Olig,5969.0,Olig,1975
851,Olig,8841.0,Olig,3064
852,Olig,7620.0,Olig,2297
853,Olig,9563.0,Olig,3111
854,Olig,9847.0,Olig,2612
855,Olig,4926.0,Olig,1917
856,Olig,6585.0,Olig,2235
857,Olig,8487.0,Olig,2847
858,Olig,9867.0,Olig,3375
859,Olig,8607.0,Olig,2428
860,Olig,6832.0,Olig,1934
861,Olig,7293.0,Olig,2406
862,Olig,7946.0,Olig,2145
863,Olig,8751.0,Olig,2850
864,Olig,13845.0,Olig,4204
865,Olig,6753.0,Olig,2228
866,Olig,6091.0,Olig,2402
867,Olig,6700.0,Olig,2171
868,Olig,7267.0,Olig,2348
869,Olig,6772.0,Olig,2302
870,Olig,6353.0,Olig,1973
871,Olig,6242.0,Olig,2079
872,Olig,5440.0,Olig,1989
873,Olig,6225.0,Olig,2239
874,Olig,7304.0,Olig,2563
875,Olig,5998.0,Olig,1615
876,Olig,6479.0,Olig,2194
877,Olig,12521.0,Olig,4313
878,Olig,7710.0,Olig,2925
879,Olig,6177.0,Olig,2088
880,Olig,4683.0,Olig,1774
881,Olig,4192.0,Olig,1826
882,Olig,6772.0,Olig,2281
883,Olig,4874.0,Olig,2302
884,Olig,3976.0,Olig,1786
885,Olig,5543.0,Olig,1929
886,Olig,7125.0,Olig,2244
887,Olig,7682.0,Olig,2881
888,Olig,4496.0,Olig,1736
889,Olig,3558.0,Olig,1185
890,Olig,4428.0,Olig,1512
891,Olig,3949.0,Olig,1997
892,Olig,6034.0,Olig,2358
893,Olig,4300.0,Olig,1448
894,Olig,17286.0,Olig,4678
895,Olig,8963.0,Olig,3392
896,Olig,6058.0,Olig,2178
897,Olig,9692.0,Olig,3504
898,Olig,6297.0,Olig,2540
899,Olig,5160.0,Olig,1783
900,Olig,3855.0,Olig,1743
901,Olig,6301.0,Olig,2204
902,Olig,6109.0,Olig,2184
903,Olig,4453.0,Olig,1764
904,Olig,5541.0,Olig,1976
905,Olig,6566.0,Olig,2344
906,Olig,5926.0,Olig,2029
907,Olig,4418.0,Olig,1952
908,Olig,5455.0,Olig,1979
909,Olig,6305.0,Olig,2142
910,Olig,4102.0,Olig,1803
911,Olig,7436.0,Olig,2459
912,Olig,5214.0,Olig,1963
913,Olig,7072.0,Olig,2410
914,Olig,4022.0,Olig,1627
915,Olig,5373.0,Olig,2235
916,Olig,8037.0,Olig,2403
917,Olig,5672.0,Olig,2254
918,Olig,15078.0,Olig,4563
919,Olig,8978.0,Olig,2548
920,Olig,6445.0,Olig,2271
921,Olig,7537.0,Olig,2819
922,Olig,13209.0,Olig,4078
923,Olig,12349.0,Olig,4015
924,Olig,11069.0,Olig,3530
925,Olig,5704.0,Olig,2212
926,Olig,8044.0,Olig,3226
927,Olig,9766.0,Olig,2839
928,Olig,22324.0,Olig,5642
929,Olig,8776.0,Olig,3200
930,Olig,15667.0,Olig,4581
931,Olig,9200.0,Olig,3007
932,Olig,6335.0,Olig,1824
933,Olig,9318.0,Olig,2908
934,Olig,9319.0,Olig,3248
935,Olig,6546.0,Olig,2471
936,Olig,9926.0,Olig,3227
937,Olig,7205.0,Olig,2543
938,Olig,9418.0,Olig,2417
939,Olig,7639.0,Olig,2568
940,Olig,7403.0,Olig,2102
941,Olig,7914.0,Olig,2604
942,Olig,6089.0,Olig,1829
943,Olig,6819.0,Olig,2373
944,Olig,9317.0,Olig,2673
945,Olig,9779.0,Olig,3319
946,Olig,10338.0,Olig,3249
947,Olig,12493.0,Olig,3256
948,Olig,5862.0,Olig,2132
949,Olig,5425.0,Olig,2131
950,Olig,5477.0,Olig,2036
951,Olig,7253.0,Olig,2114
952,Olig,7448.0,Olig,2141
953,Olig,13022.0,Olig,3823
954,Olig,4912.0,Olig,1889
955,Olig,7137.0,Olig,2918
956,Olig,6515.0,Olig,2145
957,Olig,4866.0,Olig,1935
958,Olig,7330.0,Olig,1887
959,Olig,7850.0,Olig,2540
960,Olig,4665.0,Olig,1814
961,Olig,4180.0,Olig,1659
962,Olig,13767.0,Olig,4251
963,Olig,5763.0,Olig,2013
964,Olig,8008.0,Olig,2015
965,Olig,7387.0,Olig,2090
966,Olig,4801.0,Olig,1787
967,Olig,4727.0,Olig,2011
968,Olig,13911.0,Olig,4460
969,Olig,4300.0,Olig,1566
970,Olig,6055.0,Olig,1780
971,Olig,6672.0,Olig,2209
972,Olig,9232.0,Olig,2259
973,Olig,4219.0,Olig,1767
974,Olig,6912.0,Olig,2259
975,Olig,6048.0,Olig,1790
976,Olig,7460.0,Olig,2223
977,Olig,9687.0,Olig,2300
978,Olig,5271.0,Olig,1558
979,Olig,11967.0,Olig,3855
980,Olig,7578.0,Olig,2409
981,Olig,9157.0,Olig,3345
982,Olig,7402.0,Olig,2677
983,Olig,5556.0,Olig,2210
984,Olig,8090.0,Olig,2810
985,Olig,4538.0,Olig,1574
986,Olig,7619.0,Olig,2282
987,Olig,9084.0,Olig,3064
988,Olig,8495.0,Olig,2803
989,Olig,11385.0,Olig,2955
990,Olig,7363.0,Olig,2600
991,Olig,4467.0,Olig,1688
992,Olig,8335.0,Olig,2660
993,Olig,15102.0,Olig,4181
994,Olig,11981.0,Olig,3243
995,Olig,8575.0,Olig,2621
996,Olig,9850.0,Olig,2766
997,Olig,5553.0,Olig,2050
998,Olig,3947.0,Olig,1533
999,Olig,15942.0,Olig,3582
1000,Olig,9407.0,Olig,2860
1001,Olig,10311.0,Olig,3560
1002,Olig,9325.0,Olig,2790
1003,Olig,8744.0,Olig,2787
1004,Olig,5098.0,Olig,1848
1005,Olig,8538.0,Olig,2930
1006,Olig,23652.0,Olig,4848
1007,Olig,5453.0,Olig,2018
1008,Olig,10333.0,Olig,3592
1009,Olig,5480.0,Olig,1974
1010,Olig,9615.0,Olig,2463
1011,Olig,15506.0,Olig,3498
1012,Olig,46843.0,Olig,5904
1013,Olig,6552.0,Olig,2047
1014,Olig,5416.0,Olig,2003
1015,Olig,5583.0,Olig,2134
1016,Olig,4609.0,Olig,1993
1017,Olig,5889.0,Olig,2198
1018,Olig,12245.0,Olig,2914
1019,Olig,6347.0,Olig,2479
1020,Olig,6692.0,Olig,2301
1021,Olig,4797.0,Olig,1917
1022,Olig,7612.0,Olig,2869
1023,Olig,5571.0,Olig,2034
1024,Olig,8406.0,Olig,2862
1025,Olig,5350.0,Olig,1930
1026,Olig,6899.0,Olig,2603
1027,Olig,5327.0,Olig,2299
1028,Olig,4127.0,Olig,1591
1029,Olig,5659.0,Olig,2322
1030,Olig,4808.0,Olig,1827
1031,Olig,6348.0,Olig,2090
1032,Olig,4965.0,Olig,2127
1033,Olig,5078.0,Olig,2168
1034,Olig,4248.0,Olig,1691
1035,Olig,5071.0,Olig,1468
1036,Olig,5197.0,Olig,1939
1037,Olig,3730.0,Olig,1744
1038,Olig,10781.0,Olig,3262
1039,Olig,11484.0,Olig,2568
1040,Olig,3699.0,Olig,1561
1041,Olig,9002.0,Olig,2548
1042,Olig,4252.0,Olig,1750
1043,Olig,5029.0,Olig,1435
1044,Olig,5548.0,Olig,1962
1045,Olig,8619.0,Olig,2313
1046,Olig,2559.0,Olig,989
1047,Olig,3667.0,Olig,1478
1048,Olig,4283.0,Olig,1519
1049,Olig,4149.0,Olig,1708
1050,Olig,4262.0,Olig,1661
1051,Olig,6597.0,Olig,1473
1052,Olig,4164.0,Olig,1781
1053,Olig,5224.0,Olig,2464
1054,Olig,5085.0,Olig,1654
1055,Olig,6543.0,Olig,2718
1056,Olig,5562.0,Olig,2111
1057,Olig,6845.0,Olig,2751
1058,Olig,4941.0,Olig,1861
1059,Olig,3115.0,Olig,1487
1060,Olig,12583.0,Olig,4197
1061,Olig,3277.0,Olig,1337
1062,Olig,3883.0,Olig,1654
1063,Olig,7262.0,Olig,2301
1064,Olig,2841.0,Olig,1399
1065,Olig,3882.0,Olig,1883
1066,Olig,10736.0,Olig,3680
1067,Olig,7086.0,Olig,1838
1068,Olig,3378.0,Olig,1410
1069,Olig,4547.0,Olig,1950
1070,Olig,3209.0,Olig,1437
1071,Olig,6575.0,Olig,1621
1072,Olig,4462.0,Olig,2071
1073,Olig,4884.0,Olig,2207
1074,Olig,4331.0,Olig,1737
1075,Olig,8546.0,Olig,3512
1076,Olig,5449.0,Olig,1852
1077,Olig,6762.0,Olig,2545
1078,Olig,4738.0,Olig,1701
1079,Olig,6321.0,Olig,2601
1080,Olig,12395.0,Olig,4039
1081,Olig,8349.0,Olig,2105
1082,Olig,6970.0,Olig,2303
1083,Olig,5248.0,Olig,2159
1084,Olig,3932.0,Olig,1618
1085,Olig,8939.0,Olig,2199
1086,Olig,8106.0,Olig,2918
1087,Olig,7907.0,Olig,3059
1088,Olig,10810.0,Olig,3629
1089,Olig,7752.0,Olig,3392
1090,Olig,5921.0,Olig,2548
1091,Olig,15956.0,Olig,4403
1092,Olig,4595.0,Olig,2100
1093,Olig,4811.0,Olig,1975
1094,Olig,7398.0,Olig,2633
1095,Olig,5565.0,Olig,1896
1096,Olig,10139.0,Olig,3208
1097,Olig,5097.0,Olig,2239
1098,Olig,4064.0,Olig,1582
1099,Olig,7470.0,Olig,2761
1100,Olig,5788.0,Olig,2280
1101,Olig,5494.0,Olig,2057
1102,Olig,3863.0,Olig,1588
1103,Olig,3285.0,Olig,1393
1104,Olig,6398.0,Olig,2142
1105,Olig,4595.0,Olig,2103
1106,Olig,9573.0,Olig,3557
1107,Olig,8650.0,Olig,2994
1108,Olig,7241.0,Olig,3117
1109,Olig,5829.0,Olig,1974
1110,Olig,6428.0,Olig,2357
1111,Olig,2871.0,Olig,1446
1112,Olig,3537.0,Olig,1016
1113,Olig,9457.0,Olig,3037
1114,Olig,7254.0,Olig,2189
1115,Olig,16641.0,Olig,4214
1116,Olig,8487.0,Olig,2705
1117,Olig,4667.0,Olig,1913
1118,Olig,8088.0,Olig,2161
1119,Olig,6843.0,Olig,2561
1120,Olig,4930.0,Olig,1261
1121,Olig,3248.0,Olig,815
1122,Olig,9234.0,Olig,2954
1123,Olig,6828.0,Olig,2486
1124,Olig,9563.0,Olig,3101
1125,Olig,7672.0,Olig,2266
1126,Olig,9054.0,Olig,3161
1127,Olig,6035.0,Olig,1962
1128,Olig,4494.0,Olig,1756
1129,Olig,3123.0,Olig,1256
1130,Olig,6126.0,Olig,1575
1131,Olig,5197.0,Olig,1434
1132,Olig,4394.0,Olig,1157
1133,Olig,12196.0,Olig,2848
1134,Olig,4703.0,Olig,1476
1135,Olig,8059.0,Olig,1901
1136,Olig,5179.0,Olig,1117
1137,Olig,5786.0,Olig,1587
1138,Olig,4697.0,Olig,1791
1139,Olig,9097.0,Olig,3538
1140,Olig,8068.0,Olig,1998
1141,Olig,12498.0,Olig,4014
1142,Olig,10786.0,Olig,2084
1143,Olig,12530.0,Olig,3474
1144,Olig,11448.0,Olig,3885
1145,Olig,6847.0,Olig,2686
1146,Olig,39651.0,Olig,6817
1147,Olig,6500.0,Olig,2072
1148,Olig,8338.0,Olig,2783
1149,Olig,13869.0,Olig,3180
1150,Olig,9720.0,Olig,2000
1151,Olig,9812.0,Olig,2970
1152,Olig,6375.0,Olig,2395
1153,Olig,13780.0,Olig,2505
1154,Olig,9341.0,Olig,2731
1155,Olig,9487.0,Olig,2962
1156,Olig,10621.0,Olig,2691
1157,Olig,6412.0,Olig,2285
1158,Olig,7266.0,Olig,2375
1159,Olig,21463.0,Olig,5182
1160,Olig,9403.0,Olig,2929
1161,Olig,5976.0,Olig,1752
1162,Olig,7184.0,Olig,2349
1163,Olig,8679.0,Olig,2793
1164,Olig,7789.0,Olig,2711
1165,Olig,9210.0,Olig,2597
1166,Olig,14243.0,Olig,4197
1167,Olig,7696.0,Olig,2335
1168,Olig,8387.0,Olig,2743
1169,Olig,6720.0,Olig,2047
1170,Olig,11072.0,Olig,2873
1171,Olig,9067.0,Olig,2378
1172,Olig,11465.0,Olig,3411
1173,Olig,10636.0,Olig,2808
1174,Olig,7132.0,Olig,2349
1175,Olig,8232.0,Olig,2536
1176,Olig,8479.0,Olig,2624
1177,Olig,10210.0,Olig,3106
1178,Olig,11591.0,Olig,2631
1179,Olig,10163.0,Olig,2799
1180,Olig,13727.0,Olig,3345
1181,Olig,10448.0,Olig,2805
1182,Olig,12158.0,Olig,3191
1183,Olig,7193.0,Olig,2565
1184,Olig,12634.0,Olig,2701
1185,Olig,9759.0,Olig,2379
1186,Olig,7448.0,Olig,2009
1187,Olig,12697.0,Olig,2859
1188,Olig,12886.0,Olig,3247
1189,Olig,10108.0,Olig,2928
1190,Olig,12573.0,Olig,3434
1191,Olig,11932.0,Olig,2990
1192,Olig,16899.0,Olig,3583
1193,Olig,17486.0,Olig,4069
1194,Olig,17416.0,Olig,3947
1195,Olig,25628.0,Olig,5611
1196,Olig,13865.0,Olig,3241
1197,Olig,14658.0,Olig,3039
1198,Olig,13795.0,Olig,2782
1199,Olig,9330.0,Olig,2331
1200,Olig,10035.0,Olig,2378
1201,Olig,11675.0,Olig,3034
1202,Olig,12215.0,Olig,2653
1203,Olig,18460.0,Olig,4400
1204,Olig,15408.0,Olig,3870
1205,Olig,11332.0,Olig,2188
1206,Olig,15274.0,Olig,3640
1207,Olig,11476.0,Olig,3250
1208,Olig,11607.0,Olig,2460
1209,Olig,15934.0,Olig,3209
1210,Olig,16033.0,Olig,2423
1211,Olig,13702.0,Olig,2719
1212,Olig,12434.0,Olig,2608
1213,Olig,9486.0,Olig,1959
1214,Olig,11725.0,Olig,2707
1215,Olig,12920.0,Olig,2285
1216,Olig,11079.0,Olig,2135
1217,Olig,7912.0,Olig,1964
1218,Olig,26597.0,Olig,3179
1219,Olig,23634.0,Olig,3985
1220,Olig,27927.0,Olig,3595
1221,Olig,8829.0,Olig,2140
1222,Olig,8805.0,Olig,2544
1223,Olig,21523.0,Olig,3216
1224,Olig,26625.0,Olig,3667
1225,Olig,16711.0,Olig,3137
1226,Olig,14744.0,Olig,3193
1227,Olig,23603.0,Olig,3065
1228,Olig,10312.0,Olig,2099
1229,Olig,31964.0,Olig,3959
1230,Olig,40922.0,Olig,3398
1231,Olig,14758.0,Olig,2349
1232,Olig,17699.0,Olig,3411
1233,Olig,14450.0,Olig,2332
1234,Olig,11900.0,Olig,2175
1235,Olig,30996.0,Olig,3887
1236,Olig,14250.0,Olig,2349
1237,Olig,13417.0,Olig,2523
1238,Olig,13254.0,Olig,2456
1239,Olig,12162.0,Olig,2756
1240,Olig,16312.0,Olig,2539
1241,Olig,8539.0,Olig,2612
1242,Olig,21916.0,Olig,3183
1243,Olig,16774.0,Olig,3549
1244,Olig,14366.0,Olig,3609
1245,Olig,20214.0,Olig,2953
1246,Olig,15740.0,Olig,2229
1247,Olig,13068.0,Olig,2373
1248,Olig,19798.0,Olig,2809
1249,Olig,12562.0,Olig,2744
1250,Olig,11882.0,Olig,2358
1251,Olig,10174.0,Olig,2026
1252,Olig,11974.0,Olig,2114
1253,Olig,14942.0,Olig,2784
1254,Olig,15726.0,Olig,3003
1255,Olig,13430.0,Olig,3148
1256,Olig,14996.0,Olig,2464
1257,Olig,13878.0,Olig,2264
1258,Olig,14549.0,Olig,2488
1259,Olig,10354.0,Olig,2113
1260,Olig,7908.0,Olig,1861
1261,Olig,14006.0,Olig,4055
1262,Olig,4307.0,Olig,1101
1263,microglia,8465.0,microglia,3245
1264,microglia,4154.0,microglia,1689
1265,microglia,3218.0,microglia,1192
1266,microglia,4480.0,microglia,1402
1267,microglia,7139.0,microglia,1846
1268,microglia,5182.0,microglia,2271
1269,microglia,4036.0,microglia,1363
1270,microglia,2776.0,microglia,983
1271,microglia,3092.0,microglia,1451
1272,microglia,3596.0,microglia,1243
1273,microglia,4777.0,microglia,1965
1274,microglia,3372.0,microglia,843
1275,microglia,3098.0,microglia,1220
1276,microglia,6870.0,microglia,2325
1277,microglia,4031.0,microglia,1533
1278,microglia,3068.0,microglia,1074
1279,microglia,4749.0,microglia,1847
1280,microglia,3809.0,microglia,1588
1281,microglia,11151.0,microglia,2551
1282,microglia,4508.0,microglia,1947
1283,microglia,5529.0,microglia,1675
1284,microglia,7318.0,microglia,1631
1285,microglia,8390.0,microglia,1795
1286,microglia,4090.0,microglia,956
1287,microglia,6429.0,microglia,2113
1288,microglia,8700.0,microglia,2309
1289,microglia,13761.0,microglia,2645
1290,microglia,9231.0,microglia,2734
1291,microglia,7277.0,microglia,2568
1292,microglia,7396.0,microglia,1464
1293,microglia,7952.0,microglia,3344
1294,microglia,6092.0,microglia,1825
1295,microglia,4842.0,microglia,1816
1296,microglia,5533.0,microglia,2110
1297,microglia,3940.0,microglia,1585
1298,microglia,3159.0,microglia,1444
1299,microglia,4895.0,microglia,1727
1300,microglia,7084.0,microglia,2522
1301,microglia,15281.0,microglia,3199
1302,microglia,5000.0,microglia,1947
1303,microglia,9246.0,microglia,3516
1304,microglia,12740.0,microglia,4200
1305,microglia,4017.0,microglia,1589
1306,microglia,7259.0,microglia,2914
1307,microglia,8074.0,microglia,2663
1308,microglia,4708.0,microglia,1718
1309,microglia,3254.0,microglia,1232
1310,microglia,4632.0,microglia,1461
1311,microglia,4553.0,microglia,1953
1312,microglia,4520.0,microglia,1843
1313,microglia,2540.0,microglia,1092
1314,microglia,5233.0,microglia,1763
1315,microglia,7317.0,microglia,2532
1316,microglia,7251.0,microglia,2354
1317,microglia,5008.0,microglia,1811
1318,microglia,6551.0,microglia,2778
1319,microglia,7095.0,microglia,2910
1320,microglia,6762.0,microglia,2039
1321,microglia,8351.0,microglia,2995
1322,microglia,3754.0,microglia,1663
1323,microglia,3578.0,microglia,1391
1324,microglia,7534.0,microglia,3119
1325,microglia,3964.0,microglia,1555
1326,microglia,9300.0,microglia,3602
1327,microglia,3318.0,microglia,1878
1328,microglia,2543.0,microglia,1225
1329,microglia,11444.0,microglia,4220
1330,microglia,6900.0,microglia,2925
1331,microglia,4607.0,microglia,2170
1332,microglia,3372.0,microglia,1226
1333,microglia,2687.0,microglia,770
1334,microglia,4507.0,microglia,1768
1335,microglia,3227.0,microglia,1540
1336,microglia,3936.0,microglia,1955
1337,microglia,3639.0,microglia,1626
1338,microglia,2553.0,microglia,1382
1339,microglia,3865.0,microglia,1368
1340,microglia,2896.0,microglia,1347
1341,microglia,5909.0,microglia,2700
1342,microglia,2941.0,microglia,1331
1343,microglia,5224.0,microglia,1986
1344,microglia,4641.0,microglia,1296
1345,microglia,3409.0,microglia,837
1346,microglia,8049.0,microglia,2175
1347,endo_mural,5236.0,endo_mural,2330
1348,endo_mural,5401.0,endo_mural,2342
1349,endo_mural,4725.0,endo_mural,1955
1350,endo_mural,13466.0,endo_mural,3435
1351,endo_mural,10661.0,endo_mural,1156
1352,endo_mural,9032.0,endo_mural,2667
1353,endo_mural,5526.0,endo_mural,1618
1354,endo_mural,6500.0,endo_mural,952
1355,endo_mural,4016.0,endo_mural,1295
1356,endo_mural,4559.0,endo_mural,1533
1357,endo_mural,6049.0,endo_mural,2561
1358,endo_mural,5416.0,endo_mural,2198
1359,endo_mural,2665.0,endo_mural,1040
1360,endo_mural,3560.0,endo_mural,1140
1361,endo_mural,4652.0,endo_mural,1777
1362,endo_mural,3948.0,endo_mural,1461
1363,endo_mural,4373.0,endo_mural,1815
1364,endo_mural,15040.0,endo_mural,5257
1365,endo_mural,6601.0,endo_mural,1819
1366,endo_mural,32455.0,endo_mural,7383
1367,endo_mural,17423.0,endo_mural,4379
1368,endo_mural,9802.0,endo_mural,3673
1369,endo_mural,3085.0,endo_mural,940
1370,endo_mural,10532.0,endo_mural,3378
1371,endo_mural,4705.0,endo_mural,1935
1372,endo_mural,3940.0,endo_mural,1247
1373,endo_mural,4261.0,endo_mural,1577
1374,endo_mural,7548.0,endo_mural,1996
1375,endo_mural,4221.0,endo_mural,1393
1376,endo_mural,5955.0,endo_mural,1681
1377,endo_mural,4867.0,endo_mural,1400
1378,endo_mural,5844.0,endo_mural,1595
1379,endo_mural,6325.0,endo_mural,1698
1380,endo_mural,5042.0,endo_mural,1484
1381,endo_mural,3615.0,endo_mural,1255
1382,endo_mural,4813.0,endo_mural,1710
1383,endo_mural,5288.0,endo_mural,1623
1384,endo_mural,3487.0,endo_mural,979
1385,endo_mural,3705.0,endo_mural,994
1386,endo_mural,4069.0,endo_mural,1514
1387,endo_mural,3926.0,endo_mural,1980
1388,endo_mural,5102.0,endo_mural,2317
1389,endo_mural,8730.0,endo_mural,2567
1390,endo_mural,5779.0,endo_mural,2161
1391,endo_mural,4577.0,endo_mural,1686
1392,endo_mural,2952.0,endo_mural,1189
1393,endo_mural,3329.0,endo_mural,1328
1394,endo_mural,3107.0,endo_mural,1184
1395,endo_mural,10214.0,endo_mural,3657
1396,endo_mural,6875.0,endo_mural,1892
1397,endo_mural,17906.0,endo_mural,5426
1398,endo_mural,5042.0,endo_mural,1653
1399,endo_mural,8194.0,endo_mural,2472
1400,endo_mural,5511.0,endo_mural,2281
1401,endo_mural,5508.0,endo_mural,2182
1402,endo_mural,10097.0,endo_mural,3511
1403,endo_mural,7587.0,endo_mural,2971
1404,endo_mural,7214.0,endo_mural,3176
1405,endo_mural,3394.0,endo_mural,1685
1406,endo_mural,5257.0,endo_mural,1935
1407,endo_mural,7070.0,endo_mural,3033
1408,endo_mural,10241.0,endo_mural,2736
1409,endo_mural,4319.0,endo_mural,2036
1410,endo_mural,4190.0,endo_mural,1944
1411,endo_mural,7417.0,endo_mural,2438
1412,endo_mural,3942.0,endo_mural,1655
1413,endo_mural,3721.0,endo_mural,1788
1414,endo_mural,6282.0,endo_mural,2309
1415,endo_mural,2957.0,endo_mural,1597
1416,endo_mural,3900.0,endo_mural,1328
1417,endo_mural,2605.0,endo_mural,1316
1418,endo_mural,4852.0,endo_mural,2165
1419,endo_mural,2935.0,endo_mural,1447
1420,endo_mural,3699.0,endo_mural,1312
1421,endo_mural,2724.0,endo_mural,1314
1422,endo_mural,4788.0,endo_mural,1853
1423,endo_mural,4833.0,endo_mural,1860
1424,endo_mural,2673.0,endo_mural,1224
1425,endo_mural,13669.0,endo_mural,3458
1426,endo_mural,7328.0,endo_mural,2858
1427,endo_mural,6713.0,endo_mural,2739
1428,endo_mural,16070.0,endo_mural,3459
1429,endo_mural,3116.0,endo_mural,1797
1430,endo_mural,5618.0,endo_mural,1853
1431,endo_mural,4850.0,endo_mural,2279
1432,endo_mural,4240.0,endo_mural,2024
1433,endo_mural,3793.0,endo_mural,1506
1434,endo_mural,3058.0,endo_mural,1348
1435,endo_mural,5713.0,endo_mural,1993
1436,endo_mural,4837.0,endo_mural,2478
1437,endo_mural,3566.0,endo_mural,1882
1438,endo_mural,9419.0,endo_mural,3182
1439,endo_mural,2541.0,endo_mural,1434
1440,endo_mural,5197.0,endo_mural,2654
1441,endo_mural,2531.0,endo_mural,1003
1442,endo_mural,3397.0,endo_mural,1854
1443,endo_mural,4222.0,endo_mural,2354
1444,endo_mural,7434.0,endo_mural,3185
1445,endo_mural,5885.0,endo_mural,2045
1446,endo_mural,3202.0,endo_mural,1681
1447,endo_mural,2989.0,endo_mural,1137
1448,endo_mural,10838.0,endo_mural,2151
1449,endo_mural,18755.0,endo_mural,5302
1450,endo_mural,8416.0,endo_mural,1862
1451,endo_mural,9293.0,endo_mural,2184
1452,endo_mural,8343.0,endo_mural,2125
1453,endo_mural,6870.0,endo_mural,2758
1454,endo_mural,7997.0,endo_mural,2468
1455,endo_mural,3366.0,endo_mural,1687
1456,endo_mural,4477.0,endo_mural,1788
1457,endo_mural,4127.0,endo_mural,1229
1458,endo_mural,8260.0,endo_mural,3043
1459,endo_mural,5352.0,endo_mural,2493
1460,endo_mural,4322.0,endo_mural,2088
1461,endo_mural,6527.0,endo_mural,2907
1462,endo_mural,7092.0,endo_mural,2392
1463,endo_mural,3220.0,endo_mural,941
1464,endo_mural,4871.0,endo_mural,2220
1465,endo_mural,11552.0,endo_mural,3857
1466,endo_mural,2771.0,endo_mural,1048
1467,endo_mural,3644.0,endo_mural,1430
1468,endo_mural,3356.0,endo_mural,1184
1469,endo_mural,4499.0,endo_mural,2067
1470,endo_mural,2962.0,endo_mural,938
1471,endo_mural,2702.0,endo_mural,1146
1472,endo_mural,3901.0,endo_mural,1763
1473,endo_mural,7442.0,endo_mural,3157
1474,endo_mural,5143.0,endo_mural,2597
1475,endo_mural,4755.0,endo_mural,2149
1476,endo_mural,3855.0,endo_mural,1468
1477,endo_mural,3300.0,endo_mural,1678
1478,endo_mural,3768.0,endo_mural,1597
1479,endo_mural,5820.0,endo_mural,2924
1480,endo_mural,5199.0,endo_mural,1926
1481,endo_mural,2940.0,endo_mural,1550
1482,endo_mural,3218.0,endo_mural,893
1483,endo_mural,3253.0,endo_mural,941
1484,endo_mural,2675.0,endo_mural,878
1485,endo_mural,3028.0,endo_mural,1702
1486,endo_mural,10254.0,endo_mural,3017
1487,endo_mural,2588.0,endo_mural,1175
1488,endo_mural,9357.0,endo_mural,2623
1489,endo_mural,6969.0,endo_mural,2915
1490,endo_mural,4490.0,endo_mural,1773
1491,endo_mural,2827.0,endo_mural,1233
1492,endo_mural,2531.0,endo_mural,1574
1493,endo_mural,2678.0,endo_mural,924
1494,endo_mural,2516.0,endo_mural,1171
1495,endo_mural,3131.0,endo_mural,1715
1496,endo_mural,2514.0,endo_mural,1439
1497,endo_mural,2666.0,endo_mural,1467
1498,endo_mural,2831.0,endo_mural,1065
1499,endo_mural,2927.0,endo_mural,1038
1500,endo_mural,3656.0,endo_mural,1159
1501,endo_mural,2931.0,endo_mural,1230
1502,endo_mural,3058.0,endo_mural,1197
1503,endo_mural,5719.0,endo_mural,1977
1504,astrocytes,6258.0,astrocytes,2170
1505,astrocytes,12862.0,astrocytes,4232
1506,astrocytes,10005.0,astrocytes,2698
1507,astrocytes,8073.0,astrocytes,2221
1508,astrocytes,11790.0,astrocytes,3059
1509,astrocytes,13630.0,astrocytes,3180
1510,astrocytes,8605.0,astrocytes,2695
1511,astrocytes,10737.0,astrocytes,3156
1512,astrocytes,11966.0,astrocytes,3155
1513,astrocytes,18251.0,astrocytes,3153
1514,astrocytes,7673.0,astrocytes,2308
1515,astrocytes,7490.0,astrocytes,2141
1516,astrocytes,5237.0,astrocytes,1744
1517,astrocytes,10011.0,astrocytes,2784
1518,astrocytes,13417.0,astrocytes,4225
1519,astrocytes,6852.0,astrocytes,1691
1520,astrocytes,6673.0,astrocytes,1937
1521,astrocytes,8489.0,astrocytes,2266
1522,astrocytes,6872.0,astrocytes,1737
1523,astrocytes,6246.0,astrocytes,1807
1524,astrocytes,5054.0,astrocytes,1627
1525,astrocytes,6453.0,astrocytes,1600
1526,astrocytes,12285.0,astrocytes,2268
1527,astrocytes,9268.0,astrocytes,2639
1528,astrocytes,12432.0,astrocytes,2634
1529,astrocytes,7141.0,astrocytes,2374
1530,astrocytes,10769.0,astrocytes,2450
1531,astrocytes,6995.0,astrocytes,1597
1532,astrocytes,10342.0,astrocytes,2790
1533,astrocytes,6205.0,astrocytes,2379
1534,astrocytes,7132.0,astrocytes,1782
1535,astrocytes,4009.0,astrocytes,1004
1536,astrocytes,4965.0,astrocytes,1901
1537,astrocytes,3506.0,astrocytes,1352
1538,astrocytes,4627.0,astrocytes,2112
1539,astrocytes,5833.0,astrocytes,2294
1540,astrocytes,6338.0,astrocytes,2181
1541,astrocytes,6692.0,astrocytes,1742
1542,astrocytes,5074.0,astrocytes,2222
1543,astrocytes,4192.0,astrocytes,1607
1544,astrocytes,5571.0,astrocytes,2063
1545,astrocytes,11320.0,astrocytes,4299
1546,astrocytes,5621.0,astrocytes,1392
1547,astrocytes,4301.0,astrocytes,1298
1548,astrocytes,5605.0,astrocytes,1379
1549,astrocytes,3591.0,astrocytes,1151
1550,astrocytes,7014.0,astrocytes,2449
1551,astrocytes,3423.0,astrocytes,1492
1552,astrocytes,5063.0,astrocytes,2038
1553,astrocytes,4172.0,astrocytes,1660
1554,astrocytes,2687.0,astrocytes,1331
1555,astrocytes,3000.0,astrocytes,1403
1556,astrocytes,3680.0,astrocytes,1686
1557,astrocytes,4605.0,astrocytes,1402
1558,astrocytes,5938.0,astrocytes,2300
1559,astrocytes,5695.0,astrocytes,1354
1560,astrocytes,4641.0,astrocytes,1858
1561,astrocytes,17562.0,astrocytes,4141
1562,astrocytes,10604.0,astrocytes,2235
1563,astrocytes,3916.0,astrocytes,1855
1564,astrocytes,3684.0,astrocytes,1642
1565,astrocytes,6003.0,astrocytes,2389
1566,astrocytes,6650.0,astrocytes,2789
1567,astrocytes,7097.0,astrocytes,2627
1568,astrocytes,6577.0,astrocytes,2282
1569,astrocytes,4272.0,astrocytes,2032
1570,astrocytes,4074.0,astrocytes,1915
1571,astrocytes,4328.0,astrocytes,2032
1572,astrocytes,3578.0,astrocytes,1471
1573,astrocytes,2568.0,astrocytes,1249
1574,astrocytes,3403.0,astrocytes,1644
1575,astrocytes,3188.0,astrocytes,1701
1576,astrocytes,4568.0,astrocytes,1869
1577,astrocytes,6842.0,astrocytes,2451
1578,astrocytes,3173.0,astrocytes,1127
1579,astrocytes,3833.0,astrocytes,1828
1580,astrocytes,6074.0,astrocytes,2150
1581,astrocytes,4819.0,astrocytes,2274
1582,astrocytes,3678.0,astrocytes,1765
1583,astrocytes,4625.0,astrocytes,2070
1584,astrocytes,3406.0,astrocytes,1145
1585,astrocytes,6643.0,astrocytes,2174
1586,astrocytes,3393.0,astrocytes,1397
1587,astrocytes,9541.0,astrocytes,2525
1588,astrocytes,2649.0,astrocytes,1249
1589,astrocytes,5128.0,astrocytes,2098
1590,astrocytes,2952.0,astrocytes,1369
1591,astrocytes,3292.0,astrocytes,1241
1592,astrocytes,4412.0,astrocytes,1100
1593,astrocytes,9816.0,astrocytes,4063
1594,astrocytes,3599.0,astrocytes,1269
1595,astrocytes,3058.0,astrocytes,1093
1596,astrocytes,3059.0,astrocytes,1049
1597,astrocytes,9725.0,astrocytes,3853
1598,astrocytes,4585.0,astrocytes,1615
1599,astrocytes,5080.0,astrocytes,1984
1600,astrocytes,6527.0,astrocytes,2041
1601,astrocytes,8800.0,astrocytes,3008
1602,astrocytes,6141.0,astrocytes,1922
1603,astrocytes,5180.0,astrocytes,1633
1604,astrocytes,7518.0,astrocytes,2501
1605,astrocytes,7498.0,astrocytes,2221
1606,astrocytes,6881.0,astrocytes,2813
1607,astrocytes,6856.0,astrocytes,2045
1608,astrocytes,11352.0,astrocytes,3750
1609,astrocytes,9067.0,astrocytes,2615
1610,astrocytes,9838.0,astrocytes,3463
1611,astrocytes,13534.0,astrocytes,3677
1612,astrocytes,6400.0,astrocytes,2499
1613,astrocytes,4928.0,astrocytes,1773
1614,astrocytes,3387.0,astrocytes,932
1615,astrocytes,5567.0,astrocytes,1914
1616,astrocytes,3631.0,astrocytes,943
1617,astrocytes,2930.0,astrocytes,1414
1618,astrocytes,3276.0,astrocytes,1300
1619,astrocytes,3587.0,astrocytes,1567
1620,astrocytes,2580.0,astrocytes,1186
1621,astrocytes,3082.0,astrocytes,1503
1622,astrocytes,6391.0,astrocytes,2679
1623,astrocytes,3454.0,astrocytes,1843
1624,astrocytes,3709.0,astrocytes,1466
1625,astrocytes,2638.0,astrocytes,1212
1626,astrocytes,4158.0,astrocytes,1137
1627,astrocytes,3761.0,astrocytes,1358
1628,astrocytes,5941.0,astrocytes,2488
1629,astrocytes,4173.0,astrocytes,2049
1630,astrocytes,3621.0,astrocytes,1418
1631,astrocytes,3057.0,astrocytes,816
1632,astrocytes,9218.0,astrocytes,3648
1633,astrocytes,10006.0,astrocytes,2715
1634,astrocytes,2966.0,astrocytes,1596
1635,astrocytes,5951.0,astrocytes,1991
1636,astrocytes,6103.0,astrocytes,2903
1637,astrocytes,4916.0,astrocytes,1928
1638,astrocytes,17766.0,astrocytes,3535
1639,astrocytes,6520.0,astrocytes,2020
1640,astrocytes,4255.0,astrocytes,2044
1641,astrocytes,4173.0,astrocytes,1526
1642,astrocytes,3474.0,astrocytes,1220
1643,astrocytes,3259.0,astrocytes,1379
1644,astrocytes,6564.0,astrocytes,2693
1645,astrocytes,6750.0,astrocytes,2632
1646,astrocytes,5580.0,astrocytes,1880
1647,endo_mural,2763.0,endo_mural,1028
1648,endo_mural,3583.0,endo_mural,1208
1649,endo_mural,5162.0,endo_mural,1434
1650,endo_mural,3600.0,endo_mural,1721
1651,endo_mural,3350.0,endo_mural,1492
1652,endo_mural,2709.0,endo_mural,985
1653,endo_mural,4343.0,endo_mural,1601
1654,endo_mural,5157.0,endo_mural,1804
1655,endo_mural,3168.0,endo_mural,1318
1656,endo_mural,3274.0,endo_mural,1289
1657,endo_mural,4090.0,endo_mural,1681
1658,endo_mural,5509.0,endo_mural,1758
1659,endo_mural,4516.0,endo_mural,1746
1660,endo_mural,7329.0,endo_mural,2376
1661,endo_mural,4242.0,endo_mural,1463
1662,endo_mural,5707.0,endo_mural,1976
1663,endo_mural,4186.0,endo_mural,1499
1664,endo_mural,6893.0,endo_mural,2101
1665,endo_mural,3910.0,endo_mural,2055
1666,endo_mural,3866.0,endo_mural,1137
1667,endo_mural,3987.0,endo_mural,1892
1668,endo_mural,2893.0,endo_mural,1254
1669,endo_mural,11415.0,endo_mural,3758
1670,endo_mural,4379.0,endo_mural,1679
1671,endo_mural,3463.0,endo_mural,1613
1672,endo_mural,3384.0,endo_mural,1605
1673,endo_mural,5800.0,endo_mural,2380
1674,endo_mural,5948.0,endo_mural,2730
1675,endo_mural,3850.0,endo_mural,1758
1676,endo_mural,4672.0,endo_mural,1760
1677,endo_mural,4496.0,endo_mural,1656
1678,endo_mural,3034.0,endo_mural,1359
1679,endo_mural,6300.0,endo_mural,2403
1680,endo_mural,3839.0,endo_mural,1589
1681,endo_mural,5146.0,endo_mural,2226
1682,endo_mural,5932.0,endo_mural,2672
1683,endo_mural,3056.0,endo_mural,1211
1684,endo_mural,3686.0,endo_mural,1971
1685,endo_mural,2508.0,endo_mural,1107
1686,endo_mural,6456.0,endo_mural,2145
1687,endo_mural,6959.0,endo_mural,2902
1688,endo_mural,4323.0,endo_mural,1915
1689,endo_mural,4015.0,endo_mural,1977
1690,endo_mural,4460.0,endo_mural,1775
1691,endo_mural,4460.0,endo_mural,1775
